name,bus,b
106,106,0.005250997689561016
206,206,0.005250997689561016
306,306,0.005250997689561016
